date,time_npt,slot,type,folder,hook,categories,question,score,reach,saved,shares,likes,comments,total_interactions,views,ig_reels_avg_watch_time,permalink
2026-10-02,10:49,midday,REELS,2026-10-02-midday,A 'lost' bird was filmed for the 1st time ever,nature archaeology invention health,"Lost bird or 1,000-year-old mummies: which find would you rather make?",0.0,0,0,0,1,0,1,1,0,https://www.instagram.com/reel/Dd-sL7xk_Xo/
2026-10-02,10:48,midday,FEED,2026-10-02-midday,A 'lost' bird was filmed for the 1st time ever,nature archaeology invention health,"Lost bird or 1,000-year-old mummies: which find would you rather make?",0.0,0,0,0,0,1,1,0,,https://www.instagram.com/p/Dd-sFuWlrEj/
2026-10-01,14:19,midday,REELS,2026-10-01-bonus,Archaeologists may have found Aristotle's classroom,archaeology space nature science,Ancient school or new penguin: which would you rather visit? 👇,3.33,30,0,0,1,0,1,36,5060,https://www.instagram.com/reel/Dd8fZIfDlrr/
2026-10-01,14:18,midday,FEED,2026-10-01-bonus,Archaeologists may have found Aristotle's classroom,archaeology space nature science,Ancient school or new penguin: which would you rather visit? 👇,150.0,2,0,0,2,1,3,5,,https://www.instagram.com/p/Dd8fSvwFxiK/
2026-10-01,11:46,midday,REELS,2026-10-01-midday,Sea turtles nested in California for the 1st time,nature archaeology science quirky,"Which would you most like to see in person: turtle, fossil, snake or bird? 👇",33.33,3,0,0,1,0,1,11,11355,https://www.instagram.com/reel/Dd8N3W_Ev6F/
2026-10-01,11:44,midday,FEED,2026-10-01-midday,Sea turtles nested in California for the 1st time,nature archaeology science quirky,"Which would you most like to see in person: turtle, fossil, snake or bird? 👇",33.33,3,0,0,1,0,1,11,,https://www.instagram.com/p/Dd8Nwd4jvHY/
2026-09-30,18:13,evening,REELS,2026-09-30-evening,"In Kenya, a solar-powered shipping container now delivers up to 400 dialysis sessions a mo",,,50.0,4,0,0,2,0,2,9,10745,https://www.instagram.com/reel/Dd6VcMPiuMn/
2026-09-30,18:12,evening,FEED,2026-09-30-evening,"In Kenya, a solar-powered shipping container now delivers up to 400 dialysis sessions a mo",,,100.0,2,0,0,2,0,2,12,,https://www.instagram.com/p/Dd6VVpmmE3l/
2026-09-30,16:43,evening,REELS,2026-09-30-test,🌍 4 good things happening in the world right now.,,,72.73,22,0,5,1,0,6,30,8038,https://www.instagram.com/reel/Dd6LH-Fgiwf/
2026-09-30,15:20,evening,FEED,2026-09-30-test,🌍 4 good things happening in the world right now.,,,100.0,2,0,0,2,0,2,9,,https://www.instagram.com/p/Dd6BrObjTva/
